recordtype,date,sortorder,region,entity,status,category,stage,source,target,value,value2,latitude,longitude
Hub,2026-07-08,1,North America,HUB-001 · Houston Nexus,Online,Mega Hub,Operational,,,142,28,29.7604,-95.3698
Hub,2026-07-14,2,North America,HUB-002 · Los Angeles Pacific,Watch,Gateway,Operational,,,131,63,34.0522,-118.2437
Hub,2026-06-29,3,North America,HUB-003 · Seattle Cascade,Online,Regional,Operational,,,88,34,47.6062,-122.3321
Hub,2026-07-20,4,North America,HUB-004 · New York Atlantic,Critical,Mega Hub,Operational,,,138,84,40.7128,-74.006
Hub,2026-07-03,5,North America,HUB-005 · Toronto Northstar,Online,Regional,Operational,,,91,39,43.6532,-79.3832
Hub,2026-07-18,6,Latin America,HUB-006 · Mexico City Axis,Watch,Gateway,Operational,,,83,67,19.4326,-99.1332
Hub,2026-06-26,7,Latin America,HUB-007 · São Paulo Vector,Online,Mega Hub,Operational,,,119,48,-23.5505,-46.6333
Hub,2026-07-11,8,EMEA,HUB-008 · London Meridian,Online,Mega Hub,Operational,,,127,31,51.5074,-0.1278
Hub,2026-07-16,9,EMEA,HUB-009 · Rotterdam Portline,Watch,Gateway,Operational,,,116,71,51.9244,4.4777
Hub,2026-07-05,10,EMEA,HUB-010 · Frankfurt Core,Online,Regional,Operational,,,96,43,50.1109,8.6821
Hub,2026-07-22,11,EMEA,HUB-011 · Dubai Horizon,Critical,Gateway,Operational,,,109,88,25.2048,55.2708
Hub,2026-07-02,12,EMEA,HUB-012 · Johannesburg Southern,Watch,Regional,Operational,,,74,69,-26.2041,28.0473
Hub,2026-07-09,13,APAC,HUB-013 · Mumbai Pulse,Online,Mega Hub,Operational,,,121,46,19.076,72.8777
Hub,2026-07-13,14,APAC,HUB-014 · Singapore Quantum,Online,Gateway,Operational,,,144,24,1.3521,103.8198
Hub,2026-07-07,15,APAC,HUB-015 · Tokyo Zenith,Online,Mega Hub,Operational,,,139,37,35.6762,139.6503
Hub,2026-07-19,16,APAC,HUB-016 · Sydney Southern Cross,Watch,Regional,Operational,,,86,62,-33.8688,151.2093
Hub,2026-07-23,17,APAC,HUB-017 · Shanghai Hypergate,Critical,Mega Hub,Operational,,,148,81,31.2304,121.4737
Hub,2026-07-01,18,APAC,HUB-018 · Seoul Aurora,Online,Regional,Operational,,,103,35,37.5665,126.978
Monthly,2026-01-01,1,North America,North America,Actual,Revenue,Monthly Close,,,106.2,106.2,,
Monthly,2026-01-01,1,Latin America,Latin America,Actual,Revenue,Monthly Close,,,53.1,52.3,,
Monthly,2026-01-01,1,EMEA,EMEA,Actual,Revenue,Monthly Close,,,92.7,94.9,,
Monthly,2026-01-01,1,APAC,APAC,Actual,Revenue,Monthly Close,,,122.4,123.4,,
Monthly,2026-02-01,2,North America,North America,Actual,Revenue,Monthly Close,,,114.9,114.0,,
Monthly,2026-02-01,2,Latin America,Latin America,Actual,Revenue,Monthly Close,,,52.5,51.2,,
Monthly,2026-02-01,2,EMEA,EMEA,Actual,Revenue,Monthly Close,,,93.0,94.5,,
Monthly,2026-02-01,2,APAC,APAC,Actual,Revenue,Monthly Close,,,123.3,123.3,,
Monthly,2026-03-01,3,North America,North America,Actual,Revenue,Monthly Close,,,118.0,116.1,,
Monthly,2026-03-01,3,Latin America,Latin America,Actual,Revenue,Monthly Close,,,61.3,62.8,,
Monthly,2026-03-01,3,EMEA,EMEA,Actual,Revenue,Monthly Close,,,95.3,96.1,,
Monthly,2026-03-01,3,APAC,APAC,Actual,Revenue,Monthly Close,,,126.8,125.8,,
Monthly,2026-04-01,4,North America,North America,Actual,Revenue,Monthly Close,,,119.9,117.0,,
Monthly,2026-04-01,4,Latin America,Latin America,Actual,Revenue,Monthly Close,,,61.3,62.3,,
Monthly,2026-04-01,4,EMEA,EMEA,Actual,Revenue,Monthly Close,,,104.7,104.7,,
Monthly,2026-04-01,4,APAC,APAC,Actual,Revenue,Monthly Close,,,129.1,127.0,,
Monthly,2026-05-01,5,North America,North America,Actual,Revenue,Monthly Close,,,120.5,123.4,,
Monthly,2026-05-01,5,Latin America,Latin America,Actual,Revenue,Monthly Close,,,60.7,61.2,,
Monthly,2026-05-01,5,EMEA,EMEA,Actual,Revenue,Monthly Close,,,104.9,104.1,,
Monthly,2026-05-01,5,APAC,APAC,Actual,Revenue,Monthly Close,,,138.0,134.7,,
Monthly,2026-06-01,6,North America,North America,Actual,Revenue,Monthly Close,,,130.5,132.6,,
Monthly,2026-06-01,6,Latin America,Latin America,Actual,Revenue,Monthly Close,,,60.7,60.7,,
Monthly,2026-06-01,6,EMEA,EMEA,Actual,Revenue,Monthly Close,,,106.2,104.5,,
Monthly,2026-06-01,6,APAC,APAC,Actual,Revenue,Monthly Close,,,140.3,143.7,,
Monthly,2026-07-01,7,North America,North America,Actual,Revenue,Monthly Close,,,131.1,132.1,,
Monthly,2026-07-01,7,Latin America,Latin America,Actual,Revenue,Monthly Close,,,68.3,67.8,,
Monthly,2026-07-01,7,EMEA,EMEA,Actual,Revenue,Monthly Close,,,106.5,103.9,,
Monthly,2026-07-01,7,APAC,APAC,Actual,Revenue,Monthly Close,,,141.1,143.4,,
Monthly,2026-08-01,8,North America,North America,Actual,Revenue,Monthly Close,,,128.1,128.1,,
Monthly,2026-08-01,8,Latin America,Latin America,Actual,Revenue,Monthly Close,,,65.8,64.7,,
Monthly,2026-08-01,8,EMEA,EMEA,Actual,Revenue,Monthly Close,,,111.8,114.5,,
Monthly,2026-08-01,8,APAC,APAC,Actual,Revenue,Monthly Close,,,138.0,139.1,,
Monthly,2026-09-01,9,North America,North America,Actual,Revenue,Monthly Close,,,130.0,129.0,,
Monthly,2026-09-01,9,Latin America,Latin America,Actual,Revenue,Monthly Close,,,65.9,64.3,,
Monthly,2026-09-01,9,EMEA,EMEA,Actual,Revenue,Monthly Close,,,113.0,114.8,,
Monthly,2026-09-01,9,APAC,APAC,Actual,Revenue,Monthly Close,,,148.3,148.3,,
Monthly,2026-10-01,10,North America,North America,Actual,Revenue,Monthly Close,,,131.8,129.7,,
Monthly,2026-10-01,10,Latin America,Latin America,Actual,Revenue,Monthly Close,,,65.9,67.5,,
Monthly,2026-10-01,10,EMEA,EMEA,Actual,Revenue,Monthly Close,,,114.3,115.2,,
Monthly,2026-10-01,10,APAC,APAC,Actual,Revenue,Monthly Close,,,150.5,149.3,,
Monthly,2026-11-01,11,North America,North America,Actual,Revenue,Monthly Close,,,141.8,138.4,,
Monthly,2026-11-01,11,Latin America,Latin America,Actual,Revenue,Monthly Close,,,65.9,67.0,,
Monthly,2026-11-01,11,EMEA,EMEA,Actual,Revenue,Monthly Close,,,115.6,115.6,,
Monthly,2026-11-01,11,APAC,APAC,Actual,Revenue,Monthly Close,,,152.8,150.4,,
Monthly,2026-12-01,12,North America,North America,Actual,Revenue,Monthly Close,,,146.1,149.6,,
Monthly,2026-12-01,12,Latin America,Latin America,Actual,Revenue,Monthly Close,,,75.3,75.9,,
Monthly,2026-12-01,12,EMEA,EMEA,Actual,Revenue,Monthly Close,,,119.0,118.0,,
Monthly,2026-12-01,12,APAC,APAC,Actual,Revenue,Monthly Close,,,157.7,153.9,,
Flow,,1,,Demand Signals → AI Planning,Flow,Network,Value Chain,Demand Signals,AI Planning,6200,,,
Flow,,2,,AI Planning → Procurement,Flow,Network,Value Chain,AI Planning,Procurement,3600,,,
Flow,,3,,AI Planning → Inventory,Flow,Network,Value Chain,AI Planning,Inventory,2600,,,
Flow,,4,,Procurement → Supplier Network,Flow,Network,Value Chain,Procurement,Supplier Network,3420,,,
Flow,,5,,Supplier Network → Manufacturing,Flow,Network,Value Chain,Supplier Network,Manufacturing,3180,,,
Flow,,6,,Inventory → Regional Hubs,Flow,Network,Value Chain,Inventory,Regional Hubs,2480,,,
Flow,,7,,Manufacturing → Regional Hubs,Flow,Network,Value Chain,Manufacturing,Regional Hubs,3010,,,
Flow,,8,,Regional Hubs → North America,Flow,Network,Value Chain,Regional Hubs,North America,1710,,,
Flow,,9,,Regional Hubs → Latin America,Flow,Network,Value Chain,Regional Hubs,Latin America,740,,,
Flow,,10,,Regional Hubs → EMEA,Flow,Network,Value Chain,Regional Hubs,EMEA,1390,,,
Flow,,11,,Regional Hubs → APAC,Flow,Network,Value Chain,Regional Hubs,APAC,1650,,,
Flow,,12,,North America → Delivered,Flow,Network,Value Chain,North America,Delivered,1605,,,
Flow,,13,,Latin America → Delivered,Flow,Network,Value Chain,Latin America,Delivered,682,,,
Flow,,14,,EMEA → Delivered,Flow,Network,Value Chain,EMEA,Delivered,1308,,,
Flow,,15,,APAC → Delivered,Flow,Network,Value Chain,APAC,Delivered,1552,,,
Flow,,16,,North America → Exception,Flow,Network,Value Chain,North America,Exception,105,,,
Flow,,17,,Latin America → Exception,Flow,Network,Value Chain,Latin America,Exception,58,,,
Flow,,18,,EMEA → Exception,Flow,Network,Value Chain,EMEA,Exception,82,,,
Flow,,19,,APAC → Exception,Flow,Network,Value Chain,APAC,Exception,98,,,
Portfolio,,1,North America,Home Intelligence,Active,Consumer,Portfolio,,,620,,,
Portfolio,,2,North America,Personal Systems,Active,Consumer,Portfolio,,,475,,,
Portfolio,,3,North America,Cloud Fabric,Active,Enterprise,Portfolio,,,710,,,
Portfolio,,4,North America,Industrial AI,Active,Enterprise,Portfolio,,,535,,,
Portfolio,,5,Latin America,Connected Living,Active,Consumer,Portfolio,,,255,,,
Portfolio,,6,Latin America,Operations Suite,Active,Enterprise,Portfolio,,,315,,,
Portfolio,,7,Latin America,Managed Analytics,Active,Services,Portfolio,,,225,,,
Portfolio,,8,EMEA,Smart Mobility,Active,Consumer,Portfolio,,,390,,,
Portfolio,,9,EMEA,Cyber Resilience,Active,Enterprise,Portfolio,,,565,,,
Portfolio,,10,EMEA,Data Platforms,Active,Enterprise,Portfolio,,,505,,,
Portfolio,,11,EMEA,Transformation,Active,Services,Portfolio,,,365,,,
Portfolio,,12,APAC,Digital Commerce,Active,Consumer,Portfolio,,,590,,,
Portfolio,,13,APAC,Personal Systems,Active,Consumer,Portfolio,,,450,,,
Portfolio,,14,APAC,Cloud Fabric,Active,Enterprise,Portfolio,,,685,,,
Portfolio,,15,APAC,Industrial AI,Active,Enterprise,Portfolio,,,640,,,
Portfolio,,16,APAC,Managed Analytics,Active,Services,Portfolio,,,425,,,
Portfolio,,17,APAC,Transformation,Active,Services,Portfolio,,,335,,,
Funnel,,1,,Signals Detected,Pipeline,Transformation,Signals Detected,,,1480,,,
Funnel,,2,,AI Qualified,Pipeline,Transformation,AI Qualified,,,1125,,,
Funnel,,3,,Executive Reviewed,Pipeline,Transformation,Executive Reviewed,,,790,,,
Funnel,,4,,Investment Approved,Pipeline,Transformation,Investment Approved,,,545,,,
Funnel,,5,,In Delivery,Pipeline,Transformation,In Delivery,,,372,,,
Funnel,,6,,Value Realized,Pipeline,Transformation,Value Realized,,,238,,,
Variance,,1,,Demand uplift,Positive,Demand uplift,Variance,,,46,,,
Variance,,2,,Price realization,Positive,Price realization,Variance,,,24,,,
Variance,,3,,Automation savings,Positive,Automation savings,Variance,,,39,,,
Variance,,4,,Foreign exchange,Negative,Foreign exchange,Variance,,,-18,,,
Variance,,5,,Capacity constraints,Negative,Capacity constraints,Variance,,,-31,,,
Variance,,6,,Service penalties,Negative,Service penalties,Variance,,,-12,,,
Variance,,7,,Portfolio mix,Positive,Portfolio mix,Variance,,,27,,,
RiskProfile,,84,Current,Current Operating Profile,Current,Enterprise Risk,Profile,,,78,74,81,69
RiskProfile,,97,Target,Target Operating Profile,Target,Enterprise Risk,Profile,,,94,92,95,96
RiskCell,,1,North America,North America · Cyber,Managed,Cyber,Risk Matrix,,,42,,,
RiskCell,,2,North America,North America · Capacity,Managed,Capacity,Risk Matrix,,,55,,,
RiskCell,,3,North America,North America · Supplier,Managed,Supplier,Risk Matrix,,,38,,,
RiskCell,,4,North America,North America · Compliance,Managed,Compliance,Risk Matrix,,,29,,,
RiskCell,,5,North America,North America · Demand,Watch,Demand,Risk Matrix,,,61,,,
RiskCell,,6,Latin America,Latin America · Cyber,Managed,Cyber,Risk Matrix,,,58,,,
RiskCell,,7,Latin America,Latin America · Capacity,Watch,Capacity,Risk Matrix,,,64,,,
RiskCell,,8,Latin America,Latin America · Supplier,Watch,Supplier,Risk Matrix,,,72,,,
RiskCell,,9,Latin America,Latin America · Compliance,Managed,Compliance,Risk Matrix,,,46,,,
RiskCell,,10,Latin America,Latin America · Demand,Watch,Demand,Risk Matrix,,,69,,,
RiskCell,,11,EMEA,EMEA · Cyber,Watch,Cyber,Risk Matrix,,,63,,,
RiskCell,,12,EMEA,EMEA · Capacity,Managed,Capacity,Risk Matrix,,,57,,,
RiskCell,,13,EMEA,EMEA · Supplier,Watch,Supplier,Risk Matrix,,,67,,,
RiskCell,,14,EMEA,EMEA · Compliance,Managed,Compliance,Risk Matrix,,,41,,,
RiskCell,,15,EMEA,EMEA · Demand,Managed,Demand,Risk Matrix,,,53,,,
RiskCell,,16,APAC,APAC · Cyber,Managed,Cyber,Risk Matrix,,,49,,,
RiskCell,,17,APAC,APAC · Capacity,Watch,Capacity,Risk Matrix,,,71,,,
RiskCell,,18,APAC,APAC · Supplier,Critical,Supplier,Risk Matrix,,,76,,,
RiskCell,,19,APAC,APAC · Compliance,Managed,Compliance,Risk Matrix,,,38,,,
RiskCell,,20,APAC,APAC · Demand,Watch,Demand,Risk Matrix,,,66,,,
Event,2026-08-04,1,EMEA,Rotterdam capacity rebalancing,Watch,Capacity,Shift 18% volume to Frankfurt,,,22,68,,
Event,2026-08-18,2,APAC,Shanghai supplier recovery,Critical,Supplier,Dual-source critical components,,,48,82,,
Event,2026-09-02,3,North America,New York resilience sprint,Critical,Cyber,Complete zero-trust cutover,,,35,79,,
Event,2026-09-16,4,Latin America,Mexico City carrier transition,Watch,Service,Activate alternate last-mile network,,,18,64,,
Event,2026-10-06,5,EMEA,Dubai compliance review,Critical,Compliance,Close cross-border control gaps,,,27,86,,
Event,2026-10-21,6,APAC,Sydney demand surge plan,Watch,Demand,Pre-position peak inventory,,,19,61,,
Event,2026-11-05,7,North America,Houston automation release,Online,Automation,Deploy autonomous planning wave 3,,,31,28,,
Event,2026-11-19,8,Latin America,São Paulo growth launch,Online,Growth,Open two regional spokes,,,25,41,,
Event,2026-12-03,9,EMEA,London portfolio reset,Online,Portfolio,Retire low-margin service bundles,,,23,33,,
Event,2026-12-15,10,APAC,Singapore control-tower upgrade,Online,Automation,Launch predictive exception engine,,,44,24,,
